<?xml version="1.0" encoding="utf-8" ?><dwsync><file name="btnNext.png" server="ftp.raediantdesign.com/raediantdesign.com/dev/expand/roland/update/" local="3373525024" remote="16260906228" /><file name="btnPrevious.png" server="ftp.raediantdesign.com/raediantdesign.com/dev/expand/roland/update/" local="3373525024" remote="16260906228" /><file name="contentPatternBottom.png" server="ftp.raediantdesign.com/raediantdesign.com/dev/expand/roland/update/" local="3373525024" remote="16260906228" /><file name="contentPatternLeft.png" server="ftp.raediantdesign.com/raediantdesign.com/dev/expand/roland/update/" local="3373525024" remote="16260906228" /><file name="contentPatternRight.png" server="ftp.raediantdesign.com/raediantdesign.com/dev/expand/roland/update/" local="3373525024" remote="16260906228" /><file name="contentPatternTop.png" server="ftp.raediantdesign.com/raediantdesign.com/dev/expand/roland/update/" local="3373525024" remote="16260906228" /><file name="default_thumbnail.gif" server="ftp.raediantdesign.com/raediantdesign.com/dev/expand/roland/update/" local="3373525024" remote="16260906228" /><file name="loader.gif" server="ftp.raediantdesign.com/raediantdesign.com/dev/expand/roland/update/" local="3373525024" remote="16260906228" /><file name="sprite.png" server="ftp.raediantdesign.com/raediantdesign.com/dev/expand/roland/update/" local="3373525024" remote="16260906228" /></dwsync>